archivo;origen;orden;inicio_s;fin_s;duracion_s
bienvenida.mp3;generacion-1;1;0.000;2.258;2.258
comienza-partida.mp3;generacion-1;2;2.258;3.928;1.671
comienza-ronda.mp3;generacion-1;3;3.928;5.855;1.926
panel-preparado.mp3;generacion-1;4;5.855;7.690;1.835
gira-ruleta.mp3;generacion-1;5;7.690;9.060;1.370
elige-consonante.mp3;generacion-1;6;9.060;10.802;1.742
puedes-comprar-vocal.mp3;generacion-1;7;10.802;12.535;1.734
intenta-resolver.mp3;generacion-1;8;12.535;14.828;2.292
ultima-ronda.mp3;generacion-1;9;14.828;16.882;2.055
letra-a.mp3;generacion-1;10;16.882;17.853;0.971
letra-b.mp3;generacion-1;11;17.853;18.772;0.919
letra-c.mp3;generacion-1;12;18.772;19.736;0.964
letra-d.mp3;generacion-1;13;19.736;20.621;0.885
letra-e.mp3;generacion-1;14;20.621;21.515;0.893
letra-f.mp3;generacion-1;15;21.515;22.506;0.991
letra-g.mp3;generacion-1;16;22.506;23.379;0.873
letra-h.mp3;generacion-1;17;23.379;24.347;0.968
letra-i.mp3;generacion-1;18;24.347;25.133;0.786
letra-j.mp3;generacion-1;19;25.133;26.122;0.989
letra-k.mp3;generacion-1;20;26.122;26.966;0.844
letra-l.mp3;generacion-1;21;26.966;27.875;0.909
letra-m.mp3;generacion-1;22;27.875;28.758;0.884
letra-n.mp3;generacion-1;23;28.758;29.640;0.882
letra-enye.mp3;generacion-1;24;29.640;30.575;0.935
letra-o.mp3;generacion-1;25;30.575;31.375;0.800
letra-p.mp3;generacion-1;26;31.375;32.208;0.833
letra-q.mp3;generacion-1;27;32.208;33.059;0.851
letra-r.mp3;generacion-1;28;33.059;34.013;0.954
letra-s.mp3;generacion-1;29;34.013;34.932;0.919
letra-t.mp3;generacion-1;30;34.932;35.775;0.843
letra-u.mp3;generacion-1;31;35.775;36.551;0.776
letra-v.mp3;generacion-1;32;36.551;37.462;0.911
letra-w.mp3;generacion-1;33;37.462;38.657;1.195
letra-x.mp3;generacion-1;34;38.657;39.721;1.064
letra-y.mp3;generacion-1;35;39.721;40.881;1.161
letra-z.mp3;generacion-1;36;40.881;41.886;1.005
una-coincidencia.mp3;generacion-1;37;41.886;42.783;0.897
dos-coincidencias.mp3;generacion-1;38;42.783;43.702;0.919
tres-coincidencias.mp3;generacion-1;39;43.702;44.686;0.984
cuatro-coincidencias.mp3;generacion-1;40;44.686;45.697;1.011
cinco-coincidencias.mp3;generacion-1;41;45.697;46.741;1.044
seis-coincidencias.mp3;generacion-1;42;46.741;47.778;1.037
ninguna-coincidencia.mp3;generacion-1;43;47.778;49.260;1.482
letra-repetida.mp3;generacion-1;44;49.260;51.543;2.283
ultima-letra.mp3;generacion-1;45;51.543;53.089;1.546
sin-consonantes.mp3;generacion-1;46;53.089;54.802;1.713
sin-vocales.mp3;generacion-1;47;54.802;56.249;1.447
quiebra.mp3;generacion-1;48;56.249;57.077;0.828
pierde-turno.mp3;generacion-1;49;57.077;58.414;1.337
premio.mp3;generacion-1;50;58.414;59.238;0.824
giro-completado.mp3;generacion-1;51;59.238;61.128;1.891
saldo-insuficiente.mp3;generacion-1;52;61.128;62.995;1.867
vocal-comprada.mp3;generacion-1;53;62.995;64.398;1.403
turno-siguiente.mp3;generacion-1;54;64.398;66.621;2.224
solucion-correcta.mp3;generacion-1;55;66.621;68.170;1.549
solucion-incorrecta.mp3;generacion-1;56;68.170;69.455;1.284
panel-resuelto.mp3;generacion-1;57;69.455;70.860;1.405
tiempo-agotado.mp3;generacion-1;58;70.860;72.158;1.298
ronda-ganada.mp3;generacion-1;59;72.158;73.735;1.577
nadie-resuelve.mp3;generacion-1;60;73.735;75.682;1.947
partida-pausada.mp3;generacion-1;61;75.682;77.096;1.415
partida-reanudada.mp3;generacion-1;62;77.096;78.220;1.124
siguiente-ronda.mp3;generacion-1;63;78.220;80.044;1.824
fin-partida.mp3;generacion-1;64;80.044;81.989;1.945
tenemos-ganador.mp3;generacion-1;65;81.989;83.551;1.562
empate.mp3;generacion-1;66;83.551;85.618;2.067
enhorabuena.mp3;generacion-1;67;85.618;86.669;1.051
gracias-participar.mp3;generacion-1;68;86.669;88.350;1.681
bienvenida-01.mp3;generacion-2;1;0.000;2.970;2.970
bienvenida-02.mp3;generacion-2;2;2.970;7.280;4.310
comienza-partida-01.mp3;generacion-2;3;7.280;9.090;1.810
comienza-partida-02.mp3;generacion-2;4;9.090;12.460;3.370
comienza-partida-03.mp3;generacion-2;5;12.460;16.220;3.760
comienza-ronda-01.mp3;generacion-2;6;16.220;18.600;2.380
comienza-ronda-02.mp3;generacion-2;7;18.600;21.570;2.970
comienza-ronda-03.mp3;generacion-2;8;21.570;24.580;3.010
panel-preparado-01.mp3;generacion-2;9;24.580;27.600;3.020
panel-preparado-02.mp3;generacion-2;10;27.600;29.870;2.270
gira-ruleta-01.mp3;generacion-2;11;29.870;31.680;1.810
gira-ruleta-02.mp3;generacion-2;12;31.680;34.570;2.890
gira-ruleta-03.mp3;generacion-2;13;34.570;37.570;3.000
elige-consonante-01.mp3;generacion-2;14;37.570;39.510;1.940
elige-consonante-02.mp3;generacion-2;15;39.510;42.370;2.860
elige-consonante-03.mp3;generacion-2;16;42.370;44.460;2.090
compra-vocal-disponible-01.mp3;generacion-2;17;44.460;48.440;3.980
compra-vocal-disponible-02.mp3;generacion-2;18;48.440;52.080;3.640
compra-vocal-disponible-03.mp3;generacion-2;19;52.080;53.350;1.270
resolver-disponible-01.mp3;generacion-2;20;53.350;55.720;2.370
resolver-disponible-02.mp3;generacion-2;21;55.720;58.290;2.570
resolver-disponible-03.mp3;generacion-2;22;58.290;61.480;3.190
ultima-ronda-01.mp3;generacion-2;23;61.480;64.090;2.610
ultima-ronda-02.mp3;generacion-2;24;64.090;67.300;3.210
ultima-ronda-03.mp3;generacion-2;25;67.300;71.180;3.880
coincidencia-1-01.mp3;generacion-2;26;71.180;72.640;1.460
coincidencia-1-02.mp3;generacion-2;27;72.640;73.980;1.340
coincidencia-2-01.mp3;generacion-2;28;73.980;75.710;1.730
coincidencia-2-02.mp3;generacion-2;29;75.710;77.590;1.880
coincidencia-3-01.mp3;generacion-2;30;77.590;79.060;1.470
coincidencia-3-02.mp3;generacion-2;31;79.060;81.040;1.980
coincidencia-4-01.mp3;generacion-2;32;81.040;82.590;1.550
coincidencia-4-02.mp3;generacion-2;33;82.590;84.790;2.200
coincidencia-5-01.mp3;generacion-2;34;84.790;86.400;1.610
coincidencia-5-02.mp3;generacion-2;35;86.400;88.780;2.380
coincidencia-6-01.mp3;generacion-2;36;88.780;90.270;1.490
coincidencia-6-02.mp3;generacion-2;37;90.270;94.250;3.980
sin-coincidencias-01.mp3;generacion-2;38;94.250;96.080;1.830
sin-coincidencias-02.mp3;generacion-2;39;96.080;97.800;1.720
sin-coincidencias-03.mp3;generacion-2;40;97.800;101.100;3.300
letra-repetida-01.mp3;generacion-2;41;101.100;103.300;2.200
letra-repetida-02.mp3;generacion-2;42;103.300;106.390;3.090
ultima-letra-01.mp3;generacion-2;43;106.390;108.360;1.970
ultima-letra-02.mp3;generacion-2;44;108.360;111.490;3.130
sin-consonantes-01.mp3;generacion-2;45;111.490;113.640;2.150
sin-consonantes-02.mp3;generacion-2;46;113.640;116.080;2.440
sin-vocales-01.mp3;generacion-2;47;116.080;118.040;1.960
sin-vocales-02.mp3;generacion-2;48;118.040;121.230;3.190
quiebra-01.mp3;generacion-2;49;121.230;122.690;1.460
quiebra-02.mp3;generacion-2;50;122.690;124.160;1.470
quiebra-03.mp3;generacion-2;51;124.160;126.680;2.520
quiebra-04.mp3;generacion-2;52;126.680;130.000;3.320
pierde-turno-01.mp3;generacion-2;53;130.000;131.940;1.940
pierde-turno-02.mp3;generacion-2;54;131.940;134.570;2.630
pierde-turno-03.mp3;generacion-2;55;134.570;137.370;2.800
premio-01.mp3;generacion-2;56;137.370;138.290;0.920
premio-02.mp3;generacion-2;57;138.290;139.580;1.290
premio-03.mp3;generacion-2;58;139.580;141.950;2.370
saldo-insuficiente-01.mp3;generacion-2;59;141.950;143.870;1.920
saldo-insuficiente-02.mp3;generacion-2;60;143.870;146.340;2.470
saldo-insuficiente-03.mp3;generacion-2;61;146.340;149.410;3.070
vocal-comprada-01.mp3;generacion-2;62;149.410;150.870;1.460
vocal-comprada-02.mp3;generacion-2;63;150.870;152.640;1.770
vocal-comprada-03.mp3;generacion-2;64;152.640;155.430;2.790
cambio-turno-01.mp3;generacion-2;65;155.430;157.760;2.330
cambio-turno-02.mp3;generacion-2;66;157.760;160.310;2.550
cambio-turno-03.mp3;generacion-2;67;160.310;161.660;1.350
solucion-correcta-01.mp3;generacion-2;68;161.660;163.060;1.400
solucion-correcta-02.mp3;generacion-2;69;163.060;164.090;1.030
solucion-correcta-03.mp3;generacion-2;70;164.090;166.700;2.610
solucion-correcta-04.mp3;generacion-2;71;166.700;168.810;2.110
solucion-incorrecta-01.mp3;generacion-2;72;168.810;170.320;1.510
solucion-incorrecta-02.mp3;generacion-2;73;170.320;172.090;1.770
solucion-incorrecta-03.mp3;generacion-2;74;172.090;174.980;2.890
solucion-incorrecta-04.mp3;generacion-2;75;174.980;177.830;2.850
tiempo-agotado-01.mp3;generacion-2;76;177.830;179.520;1.690
tiempo-agotado-02.mp3;generacion-2;77;179.520;180.940;1.420
tiempo-agotado-03.mp3;generacion-2;78;180.940;182.810;1.870
ronda-ganada-01.mp3;generacion-2;79;182.810;184.290;1.480
ronda-ganada-02.mp3;generacion-2;80;184.290;185.630;1.340
ronda-ganada-03.mp3;generacion-2;81;185.630;188.210;2.580
ronda-ganada-04.mp3;generacion-2;82;188.210;191.770;3.560
panel-sin-resolver-01.mp3;generacion-2;83;191.770;193.850;2.080
panel-sin-resolver-02.mp3;generacion-2;84;193.850;196.700;2.850
partida-pausada-01.mp3;generacion-2;85;196.700;198.090;1.390
partida-pausada-02.mp3;generacion-2;86;198.090;199.480;1.390
partida-pausada-03.mp3;generacion-2;87;199.480;202.640;3.160
partida-reanudada-01.mp3;generacion-2;88;202.640;203.740;1.100
partida-reanudada-02.mp3;generacion-2;89;203.740;206.590;2.850
partida-reanudada-03.mp3;generacion-2;90;206.590;208.020;1.430
siguiente-panel-01.mp3;generacion-2;91;208.020;209.900;1.880
siguiente-panel-02.mp3;generacion-2;92;209.900;211.960;2.060
siguiente-panel-03.mp3;generacion-2;93;211.960;214.320;2.360
fin-partida-01.mp3;generacion-2;94;214.320;216.450;2.130
fin-partida-02.mp3;generacion-2;95;216.450;218.650;2.200
fin-partida-03.mp3;generacion-2;96;218.650;221.060;2.410
ganador-01.mp3;generacion-2;97;221.060;222.820;1.760
ganador-02.mp3;generacion-2;98;222.820;225.560;2.740
ganador-03.mp3;generacion-2;99;225.560;228.690;3.130
ganador-04.mp3;generacion-2;100;228.690;231.120;2.430
empate-01.mp3;generacion-2;101;231.120;233.470;2.350
empate-02.mp3;generacion-2;102;233.470;235.430;1.960
empate-03.mp3;generacion-2;103;235.430;238.360;2.930
enhorabuena-01.mp3;generacion-2;104;238.360;239.820;1.460
enhorabuena-02.mp3;generacion-2;105;239.820;242.020;2.200
enhorabuena-03.mp3;generacion-2;106;242.020;244.160;2.140
despedida-01.mp3;generacion-2;107;244.160;245.970;1.810
despedida-02.mp3;generacion-2;108;245.970;249.110;3.140
despedida-03.mp3;generacion-2;109;249.110;251.010;1.900
